segment,search_term,suburb_searched,firm_name,website,domain,phone,address,state,postcode,google_category,rating,reviews_count,place_id,maps_url,scraped_at,source,run_id
accounting,accountant,Parramatta NSW,Tax Save | Tax Accountants Parramatta,https://www.taxsave.com.au/?utm_source=local&utm_medium=organic&utm_campaign=gmb&utm_content=website,taxsave.com.au,+61 2 9635 3829,"1/7F Parkes St, Parramatta NSW 2150, Australia",NSW,2150,Accountant,5,42,ChIJXW2DZyKjEmsRn6w7j7H7pxA,https://www.google.com/maps/search/?api=1&query=Tax%20Save%20%7C%20Tax%20Accountants%20Parramatta&query_place_id=ChIJXW2DZyKjEmsRn6w7j7H7pxA,2026-10-02T18:36:08.035864+10:00,google_maps,ea0R0JkbCPUZ9eZC9
accounting,accountant,Parramatta NSW,EKNIK Chartered Accountants,http://www.eknik.com.au/,eknik.com.au,+61 451 736 172,"level 15/60 Station St E, Parramatta NSW 2150, Australia",NSW,2150,Chartered accountant,5,117,ChIJd223VZyjEmsRtOuOiLJN9cU,https://www.google.com/maps/search/?api=1&query=EKNIK%20Chartered%20Accountants&query_place_id=ChIJd223VZyjEmsRtOuOiLJN9cU,2026-10-02T18:36:08.035864+10:00,google_maps,ea0R0JkbCPUZ9eZC9
accounting,accountant,Parramatta NSW,Ray Accounting Group Vijay Dantu & Co,https://www.rayaccountinggroup.com.au/,rayaccountinggroup.com.au,+61 2 7204 9587,"2/105 Wigram St, Harris Park NSW 2150, Australia",NSW,2150,Tax preparation service,4.6,18,ChIJZxeQcRijEmsRjzO43qIzq40,https://www.google.com/maps/search/?api=1&query=Ray%20Accounting%20Group%20Vijay%20Dantu%20%26%20Co&query_place_id=ChIJZxeQcRijEmsRjzO43qIzq40,2026-10-02T18:36:08.035864+10:00,google_maps,ea0R0JkbCPUZ9eZC9
accounting,accountant,Parramatta NSW,Clear Tax Accountants Parramatta,https://cleartax.com.au/locations/sydney/,cleartax.com.au,+61 1300 417 399,"Level 14, 3 Parramatta Square, 153 Macquarie St, Parramatta NSW 2150, Australia",NSW,2150,Accountant,5,97,ChIJTx_3jLijEmsRLj6zaB2Mxno,https://www.google.com/maps/search/?api=1&query=Clear%20Tax%20Accountants%20Parramatta&query_place_id=ChIJTx_3jLijEmsRLj6zaB2Mxno,2026-10-02T18:36:08.035864+10:00,google_maps,ea0R0JkbCPUZ9eZC9
accounting,accountant,Parramatta NSW,Beyond Taxation and Business Services,http://www.beyondtaxation.com.au/,beyondtaxation.com.au,+61 1300 552 993,"Suite 611/118 Church St, Parramatta NSW 2150, Australia",NSW,2150,Tax consultant,5,60,ChIJpz-zFrGiEmsRUv9Mp4XTLys,https://www.google.com/maps/search/?api=1&query=Beyond%20Taxation%20and%20Business%20Services&query_place_id=ChIJpz-zFrGiEmsRUv9Mp4XTLys,2026-10-02T18:36:08.035864+10:00,google_maps,ea0R0JkbCPUZ9eZC9
accounting,accountant,Parramatta NSW,Accurate Accounting & Professional Services Pty Ltd,http://www.accurateaccountingservices.com.au/,accurateaccountingservices.com.au,+61 470 386 195,"Marsden St, Parramatta NSW 2150, Australia",NSW,2150,Bookkeeping service,4.7,29,ChIJVxCD2wujEmsRstZ38vJa4Uk,https://www.google.com/maps/search/?api=1&query=Accurate%20Accounting%20%26%20Professional%20Services%20Pty%20Ltd&query_place_id=ChIJVxCD2wujEmsRstZ38vJa4Uk,2026-10-02T18:36:08.035864+10:00,google_maps,ea0R0JkbCPUZ9eZC9
accounting,accountant,Parramatta NSW,C&N Accountants,https://www.cnaccountants.com.au/?utm_source=GBP&utm_medium=organic&utm_campaign=parramatta,cnaccountants.com.au,+61 2 9684 2011,"Level 7/79 George St, Parramatta NSW 2150, Australia",NSW,2150,Accountant,4.9,62,ChIJCcUpq52jEmsRYlAwXGMXReI,https://www.google.com/maps/search/?api=1&query=C%26N%20Accountants&query_place_id=ChIJCcUpq52jEmsRYlAwXGMXReI,2026-10-02T18:36:08.035864+10:00,google_maps,ea0R0JkbCPUZ9eZC9
accounting,accountant,Parramatta NSW,ATX Taxation & Accounting Pty Ltd,http://www.atxaccounting.com.au/,atxaccounting.com.au,+61 469 437 043,"17/2 O'Connell St, Parramatta NSW 2150, Australia",NSW,2150,Tax preparation service,5,204,ChIJ64n5RX29EmsROiThBR88q3E,https://www.google.com/maps/search/?api=1&query=ATX%20Taxation%20%26%20Accounting%20Pty%20Ltd&query_place_id=ChIJ64n5RX29EmsROiThBR88q3E,2026-10-02T18:36:08.035864+10:00,google_maps,ea0R0JkbCPUZ9eZC9
accounting,accountant,Parramatta NSW,Smarter Advisory & Accounting,https://smartbaa.com.au/,smartbaa.com.au,+61 401 349 107,"RM 162 8 Parramatta Square, Level 49/10 Darcy St, Parramatta NSW 2150, Australia",NSW,2150,Accountant,4.8,22,ChIJqcCcl_WZEmsRw3vTjKr5xws,https://www.google.com/maps/search/?api=1&query=Smarter%20Advisory%20%26%20Accounting&query_place_id=ChIJqcCcl_WZEmsRw3vTjKr5xws,2026-10-02T18:36:08.035864+10:00,google_maps,ea0R0JkbCPUZ9eZC9
accounting,accountant,Parramatta NSW,Silver Peacock & Co - Tradies Accountant,https://silverpeacock.com.au/,silverpeacock.com.au,+61 1800 698 968,"Level 5/91 George St, Parramatta NSW 2150, Australia",NSW,2150,Accountant,4.8,57,ChIJTTo34VCvEmsRX4nC8g5gYaE,https://www.google.com/maps/search/?api=1&query=Silver%20Peacock%20%26%20Co%20-%20Tradies%20Accountant&query_place_id=ChIJTTo34VCvEmsRX4nC8g5gYaE,2026-10-02T18:36:08.035864+10:00,google_maps,ea0R0JkbCPUZ9eZC9
accounting,accountant,Parramatta NSW,Green Taxation,,,+61 493 105 348,"23/11 Ada St, Harris Park NSW 2150, Australia",NSW,2150,Tax consultant,5,60,ChIJw3ehzI9P1mERx_3Mp8h9vD8,https://www.google.com/maps/search/?api=1&query=Green%20Taxation&query_place_id=ChIJw3ehzI9P1mERx_3Mp8h9vD8,2026-10-02T18:36:08.035864+10:00,google_maps,ea0R0JkbCPUZ9eZC9
accounting,accountant,Parramatta NSW,CleanSlate Accounting Services,https://cleanslate.net.au/,cleanslate.net.au,+61 1800 965 090,"Level 49/8 Parramatta Sq, Parramatta NSW 2150, Australia",NSW,2150,Bookkeeping service,4.9,118,ChIJi51JlKyjEmsRzWgw0Z2M0xg,https://www.google.com/maps/search/?api=1&query=CleanSlate%20Accounting%20Services&query_place_id=ChIJi51JlKyjEmsRzWgw0Z2M0xg,2026-10-02T18:36:08.035864+10:00,google_maps,ea0R0JkbCPUZ9eZC9
accounting,accountant,Parramatta NSW,All Pro Accounting,http://allproaccounting.com.au/,allproaccounting.com.au,+61 2 9646 5566,"Level 14, 3 Parramatta Square, 153 Macquarie St, Parramatta NSW 2150, Australia",NSW,2150,Tax preparation service,5,1,ChIJZ29FJLa9EmsR3NdlA0H7T4I,https://www.google.com/maps/search/?api=1&query=All%20Pro%20Accounting&query_place_id=ChIJZ29FJLa9EmsR3NdlA0H7T4I,2026-10-02T18:36:08.035864+10:00,google_maps,ea0R0JkbCPUZ9eZC9
accounting,accountant,Parramatta NSW,Tax Solutions NSW,https://taxsolutionsnsw.com.au/,taxsolutionsnsw.com.au,+61 1300 343 453,"Unit 2 105/107 Church St, Parramatta NSW 2150, Australia",NSW,2150,Accounting firm,4.3,11,ChIJI-pPv8eaEmsRBHy0Al0KuxQ,https://www.google.com/maps/search/?api=1&query=Tax%20Solutions%20NSW&query_place_id=ChIJI-pPv8eaEmsRBHy0Al0KuxQ,2026-10-02T18:36:08.035864+10:00,google_maps,ea0R0JkbCPUZ9eZC9
accounting,accountant,Parramatta NSW,Perfect Accounting & Tax parramatta,https://www.perfectaccounting.com.au/tax-accountant-sydney/,perfectaccounting.com.au,+61 414 427 074,"166 Pennant St, North Parramatta NSW 2151, Australia",NSW,2151,Accountant,,,ChIJ0cBOFNajEmsROkdw9j-JV68,https://www.google.com/maps/search/?api=1&query=Perfect%20Accounting%20%26%20Tax%20parramatta&query_place_id=ChIJ0cBOFNajEmsROkdw9j-JV68,2026-10-02T18:36:08.035864+10:00,google_maps,ea0R0JkbCPUZ9eZC9
accounting,accountant,Parramatta NSW,Crypto Accountants,https://australia.cryptoaccountants.live/,australia.cryptoaccountants.live,+61 485 880 145,"166 Pennant Street, North Parramatta, Parramatta NSW 2150, Australia",NSW,2150,Accountant,5,6,ChIJG3d8-ZCjEmsROPeQ-GTbVgU,https://www.google.com/maps/search/?api=1&query=Crypto%20Accountants&query_place_id=ChIJG3d8-ZCjEmsROPeQ-GTbVgU,2026-10-02T18:36:08.035864+10:00,google_maps,ea0R0JkbCPUZ9eZC9
accounting,accountant,Parramatta NSW,Sanath Accounting & Taxation Services,http://sanathaccounting.com/,sanathaccounting.com,+61 416 502 209,"Unit 11/8-12 Sorrell St, Parramatta NSW 2150, Australia",NSW,2150,Accountant,5,42,ChIJXxropzCjEmsRPX5_COaGJQ8,https://www.google.com/maps/search/?api=1&query=Sanath%20Accounting%20%26%20Taxation%20Services&query_place_id=ChIJXxropzCjEmsRPX5_COaGJQ8,2026-10-02T18:36:08.035864+10:00,google_maps,ea0R0JkbCPUZ9eZC9
accounting,accountant,Parramatta NSW,ATB Partners,https://www.atb.net.au/,atb.net.au,+61 2 9687 1042,"Ste 2, Level 4/88 Phillip St, Parramatta NSW 2150, Australia",NSW,2150,Certified public accountant,4.8,49,ChIJ-UhrJxmjEmsRUuGi20NPxOA,https://www.google.com/maps/search/?api=1&query=ATB%20Partners&query_place_id=ChIJ-UhrJxmjEmsRUuGi20NPxOA,2026-10-02T18:36:08.035864+10:00,google_maps,ea0R0JkbCPUZ9eZC9
accounting,accountant,Parramatta NSW,Accounting Hands,http://www.accountinghands.com.au/,accountinghands.com.au,+61 432 652 473,"Suite 4/247 Church St, Parramatta NSW 2150, Australia",NSW,2150,Accountant,5,35,ChIJ04aJih6jEmsRcKG5qmTJ318,https://www.google.com/maps/search/?api=1&query=Accounting%20Hands&query_place_id=ChIJ04aJih6jEmsRcKG5qmTJ318,2026-10-02T18:36:08.035864+10:00,google_maps,ea0R0JkbCPUZ9eZC9
